From,To,Cost
0,1,6.880653036577575
3,0,4.83100066439019
0,1,5.154182471833376
1,3,8.205974222142101
4,1,8.261102704276453
1,4,6.66285393453271
2,1,4.427414888780359
0,2,8.886773715331543
2,0,4.495432229575002
3,1,2.687571382389963
4,3,2.6636736900583347
3,3,6.804101877435993
4,3,3.131634011042981
2,4,8.596656467463056
4,3,7.939598289918596
